-- phpMyAdmin SQL Dump
-- version 5.2.1
-- https://www.phpmyadmin.net/
--
-- Servidor: localhost:3307
-- Tiempo de generación: 06-06-2025 a las 23:30:48
-- Versión del servidor: 10.4.32-MariaDB
-- Versión de PHP: 8.2.12

SET SQL_MODE = "NO_AUTO_VALUE_ON_ZERO";
START TRANSACTION;
SET time_zone = "+00:00";


/*!40101 SET @OLD_CHARACTER_SET_CLIENT=@@CHARACTER_SET_CLIENT */;
/*!40101 SET @OLD_CHARACTER_SET_RESULTS=@@CHARACTER_SET_RESULTS */;
/*!40101 SET @OLD_COLLATION_CONNECTION=@@COLLATION_CONNECTION */;
/*!40101 SET NAMES utf8mb4 */;

--
-- Base de datos: `tpfinal`
--

-- --------------------------------------------------------

--
-- Estructura de tabla para la tabla `categoria`
--

CREATE TABLE `categoria` (
  `id` int(10) NOT NULL,
  `nombre` varchar(30) NOT NULL,
  `color` varchar(20) NOT NULL,
  `color_fondo` varchar(20) NOT NULL
) ENGINE=InnoDB DEFAULT CHARSET=utf8mb4 COLLATE=utf8mb4_general_ci;

--
-- Volcado de datos para la tabla `categoria`
--

INSERT INTO `categoria` (`id`, `nombre`, `color`, `color_fondo`) VALUES
(1, 'Ciencia', '#178a2c', '#e1fae4'),
(2, 'Deporte', '#ff5500', '#fbded3'),
(3, 'Geografía', '#2626c2', '#bcc3df'),
(4, 'Arte', '#c92e2e', '#fae2e2'),
(5, 'Historia', '#ffcc4d', '#f6db91'),
(6, 'Entretenimiento', '#c43e93', '#fadfec');

-- --------------------------------------------------------

--
-- Estructura de tabla para la tabla `ciudad`
--

CREATE TABLE `ciudad` (
  `id_ciudad` int(11) NOT NULL,
  `nombre` varchar(100) NOT NULL,
  `id_pais` int(11) DEFAULT NULL
) ENGINE=InnoDB DEFAULT CHARSET=utf8 COLLATE=utf8_general_ci;

-- --------------------------------------------------------

--
-- Estructura de tabla para la tabla `dificultad`
--

CREATE TABLE `dificultad` (
  `id` int(11) NOT NULL,
  `nombre` varchar(50) NOT NULL
) ENGINE=InnoDB DEFAULT CHARSET=utf8mb4 COLLATE=utf8mb4_general_ci;

--
-- Volcado de datos para la tabla `dificultad`
--

INSERT INTO `dificultad` (`id`, `nombre`) VALUES
(1, 'baja'),
(2, 'media'),
(3, 'alta');

-- --------------------------------------------------------

--
-- Estructura de tabla para la tabla `pais`
--

CREATE TABLE `pais` (
  `id_pais` int(11) NOT NULL,
  `nombre` varchar(100) NOT NULL
) ENGINE=InnoDB DEFAULT CHARSET=utf8 COLLATE=utf8_general_ci;

-- --------------------------------------------------------

--
-- Estructura de tabla para la tabla `partida`
--

CREATE TABLE `partida` (
  `id` int(11) NOT NULL,
  `fecha` datetime DEFAULT current_timestamp(),
  `puntaje_total` int(11) DEFAULT 0,
  `id_jugador` int(11) NOT NULL,
  `esta_activa` tinyint(1) NOT NULL
) ENGINE=InnoDB DEFAULT CHARSET=utf8 COLLATE=utf8_general_ci;

--
-- Volcado de datos para la tabla `partida`
--

INSERT INTO `partida` (`id`, `fecha`, `puntaje_total`, `id_jugador`, `esta_activa`) VALUES
(119, '2025-06-06 14:40:22', 0, 1, 0),
(120, '2025-06-06 14:45:25', 0, 1, 0),
(121, '2025-06-06 14:45:55', 0, 1, 0),
(122, '2025-06-06 14:46:12', 21, 1, 0),
(123, '2025-06-06 14:53:33', 2, 1, 0),
(124, '2025-06-06 14:58:01', 1, 1, 0),
(125, '2025-06-06 15:16:57', 4, 1, 0),
(126, '2025-06-06 15:20:39', 26, 1, 0),
(127, '2025-06-06 15:28:51', 18, 1, 0),
(128, '2025-06-06 15:48:50', 1, 7, 0),
(129, '2025-06-06 15:49:09', 1, 7, 0),
(130, '2025-06-06 15:49:30', 1, 7, 0),
(131, '2025-06-06 15:49:56', 1, 7, 0),
(132, '2025-06-06 15:52:31', 0, 8, 0),
(133, '2025-06-06 15:52:49', 0, 8, 0),
(134, '2025-06-06 15:53:01', 1, 8, 0),
(135, '2025-06-06 15:54:01', 5, 8, 0),
(136, '2025-06-06 15:57:10', 0, 9, 0),
(137, '2025-06-06 15:57:27', 0, 9, 0),
(138, '2025-06-06 15:57:38', 4, 9, 0),
(139, '2025-06-06 15:58:27', 0, 9, 0),
(140, '2025-06-06 15:59:49', 3, 9, 0),
(141, '2025-06-06 16:00:29', 0, 9, 0),
(142, '2025-06-06 16:00:35', 1, 9, 0),
(143, '2025-06-06 16:00:52', 1, 9, 0),
(144, '2025-06-06 16:01:08', 0, 9, 0),
(145, '2025-06-06 16:02:38', 0, 10, 0),
(146, '2025-06-06 16:02:44', 1, 10, 0),
(147, '2025-06-06 16:02:58', 3, 10, 0),
(148, '2025-06-06 16:03:29', 2, 10, 0),
(149, '2025-06-06 16:03:49', 1, 10, 0),
(150, '2025-06-06 16:04:34', 2, 10, 0),
(151, '2025-06-06 16:06:55', 1, 11, 0),
(152, '2025-06-06 16:07:06', 0, 11, 0),
(153, '2025-06-06 16:07:13', 1, 11, 0),
(154, '2025-06-06 16:07:27', 3, 11, 0),
(155, '2025-06-06 16:07:53', 2, 11, 0),
(156, '2025-06-06 16:08:11', 1, 11, 0),
(157, '2025-06-06 16:08:23', 2, 11, 0),
(158, '2025-06-06 16:09:03', 0, 11, 0),
(159, '2025-06-06 16:10:12', 2, 11, 0),
(160, '2025-06-06 16:12:25', 0, 11, 0),
(161, '2025-06-06 16:15:39', 1, 12, 1),
(162, '2025-06-06 16:18:47', 0, 9, 0),
(163, '2025-06-06 16:25:59', 0, 9, 0),
(164, '2025-06-06 16:26:12', 5, 9, 0),
(165, '2025-06-06 16:36:28', 0, 9, 1);

-- --------------------------------------------------------

--
-- Estructura de tabla para la tabla `partida_pregunta`
--

CREATE TABLE `partida_pregunta` (
  `id` int(11) NOT NULL,
  `id_partida` int(11) NOT NULL,
  `id_pregunta` bigint(20) UNSIGNED NOT NULL,
  `respondida_correctamente` tinyint(1) DEFAULT NULL
) ENGINE=InnoDB DEFAULT CHARSET=utf8 COLLATE=utf8_general_ci;

-- --------------------------------------------------------

--
-- Estructura de tabla para la tabla `pregunta`
--

CREATE TABLE `pregunta` (
  `id` bigint(20) UNSIGNED NOT NULL,
  `id_categoria` int(11) DEFAULT NULL,
  `enunciado` text NOT NULL,
  `id_dificultad` int(11) NOT NULL DEFAULT 2
) ENGINE=InnoDB DEFAULT CHARSET=utf8mb4 COLLATE=utf8mb4_general_ci;

--
-- Volcado de datos para la tabla `pregunta`
--

INSERT INTO `pregunta` (`id`, `id_categoria`, `enunciado`, `id_dificultad`) VALUES
(1, 1, '¿Cuál es el símbolo químico del oro?', 1),
(2, 1, '¿Cuántos planetas hay en el sistema solar?', 1),
(3, 1, '¿Qué gas es esencial para la respiración humana?', 1),
(4, 1, '¿Qué órgano bombea la sangre en el cuerpo humano?', 1),
(5, 1, '¿Cómo se llama el proceso por el que las plantas hacen su alimento?', 1),
(6, 1, '¿Qué tipo de animal es una orca?', 1),
(7, 1, '¿Cuál es el hueso más largo del cuerpo humano?', 1),
(8, 1, '¿Qué científico formuló la teoría de la relatividad?', 2),
(9, 1, '¿Cuál es el planeta más cercano al Sol?', 1),
(10, 1, '¿Qué energía se obtiene del sol?', 1),
(11, 1, '¿Qué es la tabla periódica?', 3),
(12, 1, '¿Qué animal pone huevos pero es mamífero?', 3),
(13, 1, '¿Cuántos sentidos tiene el ser humano tradicionalmente?', 1),
(14, 1, '¿Cómo se llama el estudio de los hongos?', 3),
(15, 1, '¿Qué planeta tiene un día más largo que su año?', 3),
(16, 1, '¿Qué metal es líquido a temperatura ambiente?', 3),
(17, 1, '¿Qué es una supernova?', 3),
(18, 1, '¿Qué parte del ojo controla la cantidad de luz que entra?', 3),
(19, 1, '¿Qué es el bosón de Higgs?', 3),
(20, 1, '¿Cómo se mide la intensidad de un terremoto?', 3),
(21, 1, '¿Qué planeta es conocido como el planeta rojo?', 1),
(22, 1, '¿Qué estado de la materia es el aire?', 1),
(24, 1, '¿Qué gas exhalan los humanos al respirar?', 1),
(25, 1, '¿Qué órgano usamos para ver?', 1),
(26, 1, '¿Cuál es el líquido que transporta oxígeno en el cuerpo?', 1),
(27, 1, '¿Cómo se llama la fuerza que nos mantiene en la Tierra?', 1),
(28, 1, '¿Qué astro da luz y calor a la Tierra?', 1),
(29, 1, '¿Qué tipo de animal es una rana?', 2),
(30, 1, '¿Cuál es el órgano que filtra la sangre?', 2),
(31, 1, '¿Cuál es el número atómico del carbono?', 2),
(32, 1, '¿Qué parte del cerebro controla el equilibrio?', 2),
(33, 1, '¿Qué partícula subatómica tiene carga negativa?', 2),
(34, 1, '¿Qué es el ADN?', 2),
(35, 1, '¿Qué tipo de energía se almacena en los alimentos?', 2),
(36, 1, '¿Qué científico propuso la teoría de la evolución?', 2),
(37, 1, '¿Cuál es el proceso por el que un líquido pasa a gas?', 2),
(38, 1, '¿Qué es una célula procariota?', 2),
(39, 1, '¿Cuál es la fórmula del agua?', 2),
(40, 1, '¿Qué tipo de enlace une a los átomos de agua?', 2),
(41, 1, '¿Qué órgano produce insulina?', 2),
(42, 1, '¿Qué es la mitocondria?', 2),
(43, 1, '¿Cuál es el símbolo químico del sodio?', 2),
(44, 1, '¿Qué capa de la atmósfera nos protege del sol?', 3),
(45, 1, '¿Cómo se llama el cambio de estado de gas a líquido?', 3),
(46, 1, '¿Qué célula transporta oxígeno en la sangre?', 3),
(47, 1, '¿Qué fenómeno explica la propagación de la luz?', 3),
(48, 1, '¿Qué significa \"pH\"?', 3),
(49, 1, '¿Qué vitamina se produce con la exposición al sol?', 3),
(50, 1, '¿Cuál es la unidad de medida de la energía?', 3),
(51, 2, '¿Cuántos minutos dura un partido de fútbol profesional?', 1),
(52, 2, '¿Quién tiene el récord de más goles en mundiales de fútbol?', 3),
(53, 2, '¿Dónde se celebraron los Juegos Olímpicos de 2016?', 2),
(54, 2, '¿Qué país ha ganado más Copas del Mundo de fútbol?', 2),
(55, 2, '¿En qué deporte se destaca Serena Williams?', 1),
(56, 2, '¿Cómo se llama la liga de baloncesto profesional de EE. UU.?', 1),
(57, 2, '¿Qué país organiza el Tour de Francia?', 2),
(58, 2, '¿Qué deporte se juega con una tabla y olas?', 1),
(59, 2, '¿En qué deporte compite Lewis Hamilton?', 1),
(60, 2, '¿Cuál es el apodo de Diego Maradona?', 2),
(61, 2, '¿En qué deporte se usa una raqueta y una pelota amarilla?', 1),
(62, 2, '¿Cuál es el deporte más popular del mundo?', 1),
(63, 2, '¿Qué país ganó el Mundial de Fútbol en 2022?', 2),
(64, 2, '¿Cuántos jugadores tiene un equipo de fútbol en el campo?', 1),
(65, 2, '¿Qué equipo de la NBA tiene como apodo \"Los Lakers\"?', 1),
(66, 2, '¿Qué deporte practica Usain Bolt?', 1),
(67, 2, '¿Qué deporte se juega con un palo y un disco?', 2),
(68, 2, '¿Qué país es famoso por el sumo?', 2),
(69, 2, '¿Qué selección ganó el Mundial 2014?', 3),
(70, 2, '¿Cuántos puntos vale un triple en básquet?', 1),
(71, 2, '¿Qué deporte se juega en un campo con 18 hoyos?', 1),
(72, 2, '¿Cuál es el nombre del trofeo de la Copa Mundial de Fútbol?', 2),
(73, 2, '¿En qué deporte se usa una red alta y una pelota para pasar por encima?', 2),
(74, 2, '¿Qué país ganó la Copa América 2021?', 3),
(75, 2, '¿Qué deportista argentino es conocido como “la pulga”?', 1),
(76, 2, '¿Qué color lleva el maillot del líder del Tour de Francia?', 3),
(77, 2, '¿Qué deporte se juega con un bate y una pelota?', 1),
(78, 2, '¿Cuál es el país anfitrión de los Juegos Olímpicos 2024?', 3),
(79, 2, '¿En qué deporte compitió Michael Phelps?', 1),
(80, 2, '¿Qué selección de fútbol tiene cinco Copas del Mundo?', 2),
(81, 2, '¿Dónde se originó el baloncesto?', 3),
(82, 2, '¿Cuál es el nombre del estadio del Real Madrid?', 3),
(83, 2, '¿Cuántos aros hay en el logo olímpico?', 1),
(84, 2, '¿Qué país ganó la Eurocopa 2020?', 3),
(85, 2, '¿Qué deporte se juega principalmente sobre hielo?', 2),
(86, 2, '¿Qué deporte combina esquí, tiro y resistencia?', 3),
(87, 2, '¿Qué instrumento se utiliza para medir el tiempo en una carrera?', 2),
(88, 2, '¿Cuál es el deporte nacional de Japón?', 3),
(89, 2, '¿Qué deporte se practica en un velódromo?', 2),
(90, 2, '¿Cuál es el objeto que se lanza en el bowling?', 1),
(91, 2, '¿Qué deporte se practica en una cancha con red y raquetas?', 1),
(92, 2, '¿Cuántos jugadores tiene un equipo de básquet en cancha?', 1),
(93, 2, '¿Con qué parte del cuerpo no se puede tocar el balón en fútbol?', 1),
(94, 2, '¿En qué deporte se utilizan cloro, gorro y gafas?', 1),
(95, 2, '¿Qué deporte se juega principalmente en una cancha de césped?', 1),
(96, 2, '¿Qué deporte se practica sobre hielo con patines y un disco?', 2),
(97, 2, '¿Qué jugador de fútbol argentino ganó el Mundial 2022?', 2),
(98, 2, '¿Qué deporte combina carrera, natación y ciclismo?', 2),
(99, 2, '¿Qué deporte se juega con raqueta en una cancha dividida por una red alta?', 2),
(100, 2, '¿Qué color representa el primer lugar en una medalla olímpica?', 1),
(101, 3, '¿Cuál es la capital de Australia?', 3),
(102, 3, '¿Qué país tiene forma de bota?', 1),
(103, 3, '¿Dónde se encuentra el Monte Everest?', 2),
(104, 3, '¿Qué río es el más largo del mundo?', 2),
(105, 3, '¿Cuál es el país más grande del mundo en superficie?', 1),
(106, 3, '¿En qué continente está Egipto?', 1),
(107, 3, '¿Qué país tiene más islas en el mundo?', 3),
(108, 3, '¿Cuál es la capital de Marruecos?', 2),
(109, 3, '¿Qué océano está al este de África?', 2),
(110, 3, '¿Cuál es el país más poblado del mundo?', 1),
(111, 3, '¿Cuál es la capital de Francia?', 1),
(112, 3, '¿Qué océano está entre África y Australia?', 2),
(113, 3, '¿Cuál es el continente más pequeño?', 1),
(114, 3, '¿Qué país tiene forma de una hoja de arce en su bandera?', 1),
(115, 3, '¿Dónde se encuentra la Torre Eiffel?', 1),
(116, 3, '¿Qué país tiene la ciudad de Tokio como capital?', 1),
(117, 3, '¿Qué desierto cubre gran parte del norte de África?', 2),
(118, 3, '¿Qué mar baña las costas de Italia?', 2),
(119, 3, '¿En qué continente está Brasil?', 1),
(120, 3, '¿Cuál es el país con más población de América del Sur?', 1),
(121, 3, '¿Qué país limita al norte con Estados Unidos?', 1),
(122, 3, '¿Qué isla es famosa por sus moáis?', 2),
(123, 3, '¿Cuál es la capital de España?', 1),
(124, 3, '¿Cuál es el río que cruza Egipto?', 2),
(125, 3, '¿En qué continente está Sudáfrica?', 1),
(126, 3, '¿Cuál es el país más grande de América del Norte?', 2),
(127, 3, '¿Qué cordillera atraviesa América del Sur de norte a sur?', 2),
(128, 3, '¿Qué país tiene como capital a Berlín?', 1),
(129, 3, '¿Cuál es el idioma oficial de Brasil?', 1),
(130, 3, '¿Qué país tiene forma alargada en América del Sur?', 2),
(131, 3, '¿Cuál es el país más montañoso del mundo?', 3),
(132, 3, '¿Qué país tiene la ciudad más austral del mundo?', 3),
(133, 3, '¿Cuál es el lago más profundo del mundo?', 3),
(134, 3, '¿Qué isla es la más grande del mundo?', 3),
(135, 3, '¿Cuál es el desierto más frío del mundo?', 3),
(136, 3, '¿En qué país está el Cabo de Buena Esperanza?', 2),
(137, 3, '¿Qué línea divide la Tierra en hemisferio norte y sur?', 1),
(138, 3, '¿Cuál es el país más pequeño del mundo?', 2),
(139, 3, '¿Qué país tiene más fronteras terrestres con otros países?', 3),
(140, 3, '¿Cuál es la capital de Kazajistán?', 3),
(141, 3, '¿Qué país tiene más volcanes activos?', 3),
(142, 3, '¿Qué cordillera separa Europa de Asia?', 2),
(143, 3, '¿Qué país se extiende en dos continentes?', 2),
(144, 3, '¿Cuál es la ciudad más alta del mundo?', 3),
(145, 3, '¿Qué río cruza más países?', 3),
(146, 3, '¿Qué país no tiene salida al mar?', 2),
(147, 3, '¿Dónde se encuentra el Mar Muerto?', 2),
(148, 3, '¿Qué archipiélago pertenece a Ecuador?', 1),
(149, 3, '¿En qué país están los fiordos más conocidos?', 1),
(150, 3, '¿Cuál es la capital de Mongolia?', 3),
(181, 4, '¿Quién pintó la “Mona Lisa”?', 2),
(182, 4, '¿A qué estilo artístico pertenece Salvador Dalí?', 2),
(183, 4, '¿En qué país nació Pablo Picasso?', 2),
(184, 4, '¿Qué obra pintó Edvard Munch?', 2),
(185, 4, '¿Qué instrumento toca un violinista?', 1),
(186, 4, '¿Qué pintor es famoso por sus girasoles?', 1),
(187, 4, '¿Quién escribió “La Divina Comedia”?', 3),
(188, 4, '¿Qué arquitecto diseñó la Sagrada Familia en Barcelona?', 2),
(189, 4, '¿Cuál de estos no es un movimiento artístico?', 2),
(190, 4, '¿Qué técnica artística usa pinceles y pigmentos?', 1),
(191, 4, '¿Quién pintó “El jardín de las delicias”?', 3),
(192, 4, '¿Qué artista es reconocido por su técnica del puntillismo?', 3),
(193, 4, '¿Qué danza se originó en Brasil con raíces africanas?', 1),
(194, 4, '¿Qué es un tríptico?', 1),
(195, 4, '¿Qué artista creó la serie de latas de sopa Campbell?', 3),
(196, 4, '¿Qué corriente artística buscaba representar el subconsciente?', 3),
(197, 4, '¿Qué es una sinfonía?', 1),
(198, 4, '¿Qué técnica utiliza madera para imprimir imágenes?', 2),
(199, 4, '¿Quién compuso “La Traviata”?', 3),
(200, 4, '¿Cuál fue una característica del arte gótico?', 1),
(201, 5, '¿Quién fue el primer presidente de EE. UU.?', 1),
(202, 5, '¿En qué año ocurrió la Revolución Francesa?', 2),
(203, 5, '¿Qué civilización construyó las pirámides de Egipto?', 1),
(204, 5, '¿Qué guerra enfrentó a EE. UU. y Vietnam?', 1),
(205, 5, '¿Qué imperio fue liderado por Julio César?', 1),
(206, 5, '¿En qué país comenzó la Segunda Guerra Mundial?', 2),
(207, 5, '¿Cuántos años duró la Primera Guerra Mundial?', 2),
(208, 5, '¿Quién fue el líder de la Alemania nazi?', 1),
(209, 5, '¿Qué muro dividía Berlín durante la Guerra Fría?', 2),
(210, 5, '¿Qué barco se hundió en 1912 tras chocar con un iceberg?', 1),
(211, 5, '¿En qué siglo se firmó la Carta Magna en Inglaterra?', 2),
(212, 5, '¿Qué invento revolucionó la imprenta en el siglo XV?', 2),
(213, 5, '¿Qué líder africano luchó contra el apartheid y fue presidente de Sudáfrica?', 1),
(214, 5, '¿Qué ciudad fue saqueada en la Cuarta Cruzada?', 3),
(215, 5, '¿Quién unificó Alemania en el siglo XIX?', 3),
(216, 5, '¿Qué imperio cayó tras la Primera Guerra Mundial?', 3),
(217, 5, '¿Qué movimiento del siglo XVIII promovía la razón sobre la fe?', 3),
(218, 5, '¿Quién lideró la expedición que dio la primera vuelta al mundo?', 3),
(219, 5, '¿Qué país sufrió una revolución comunista en 1917?', 2),
(220, 5, '¿Qué civilización inventó el calendario solar de 365 días?', 3),
(221, 6, '¿Qué saga cinematográfica incluye a un personaje llamado Frodo?', 1),
(222, 6, '¿Quién canta la canción \"Thriller\"?', 1),
(223, 6, '¿Qué serie se desarrolla en el mundo ficticio de Westeros?', 2),
(224, 6, '¿Cuál de estos personajes es un superhéroe de Marvel?', 1),
(225, 6, '¿Qué película ganó el Óscar a Mejor Película en 2020?', 2),
(226, 6, '¿Quién interpreta a Jack en “Titanic”?', 3),
(227, 6, '¿Cuál de estas bandas es británica?', 2),
(228, 6, '¿En qué serie aparece el personaje Sheldon Cooper?', 2),
(229, 6, '¿Qué película de Disney incluye la canción “Libre soy”?', 1),
(230, 6, '¿Quién dirigió la trilogía original de “Star Wars”?', 2),
(231, 6, '¿Qué estrella del pop fue parte del grupo *NSYNC?', 1),
(232, 6, '¿En qué serie aparece el personaje Eleven?', 2),
(233, 6, '¿Qué instrumento toca Lisa Simpson?', 1),
(234, 6, '¿Qué serie fue la primera en ganar un Emmy como \"Mejor Serie Dramática\"?', 2),
(235, 6, '¿Quién compuso la música de la película “Interstellar”?', 3),
(236, 6, '¿Cuál fue la primera película en ganar 11 premios Óscar?', 3),
(237, 6, '¿Qué película de Studio Ghibli ganó el Óscar a mejor animación?', 3),
(238, 6, '¿Quién interpreta a Hannibal Lecter en “El silencio de los inocentes”?', 3),
(239, 6, '¿Qué famosa artista interpretó a Ally en “Nace una estrella”?', 1),
(240, 6, '¿Qué película tiene la frase: “Houston, tenemos un problema”?', 3),
(277, 4, '¿Qué instrumento se asocia con Ludwig van Beethoven?', 1),
(278, 4, '¿Qué es un autorretrato?', 1),
(279, 4, '¿Quién pintó la Capilla Sixtina?', 1),
(280, 4, '¿Qué famoso escultor italiano creó el David?', 1),
(281, 4, '¿Qué color resulta de mezclar rojo y azul?', 1),
(282, 4, '¿Qué arte se representa con movimiento corporal rítmico?', 1),
(283, 4, '¿Qué forma de arte se escucha?', 1),
(284, 4, '¿Qué instrumento tiene teclas blancas y negras?', 1),
(285, 4, '¿Qué artista es famoso por su estilo cubista?', 1),
(286, 4, '¿Qué tipo de arte usa arcilla para crear formas?', 1),
(287, 5, '¿Quién descubrió América en 1492?', 1),
(288, 5, '¿Qué civilización habitó Machu Picchu?', 1),
(289, 5, '¿En qué continente ocurrió la Segunda Guerra Mundial?', 1),
(290, 5, '¿Quién fue el libertador de Argentina, Chile y Perú?', 1),
(291, 5, '¿Qué famoso muro fue derribado en 1989?', 1),
(292, 5, '¿En qué ciudad vivían los faraones?', 1),
(293, 5, '¿Qué conflicto enfrentó a la Unión y la Confederación en EE. UU.?', 1),
(294, 5, '¿Quién fue Napoleón Bonaparte?', 1),
(295, 5, '¿En qué país se construyó la Gran Muralla?', 1),
(296, 5, '¿Cuál fue la primera civilización en usar escritura?', 1),
(297, 5, '¿Qué evento marcó el inicio de la Edad Media?', 2),
(298, 5, '¿Quién fue la reina de Francia durante la Revolución Francesa?', 2),
(299, 5, '¿Qué países formaron el Eje en la Segunda Guerra Mundial?', 2),
(300, 5, '¿Qué tratado puso fin a la Primera Guerra Mundial?', 2),
(301, 5, '¿Quién fue el primer emperador romano?', 2),
(302, 5, '¿Qué batalla detuvo el avance musulmán en Europa en el 732?', 2),
(303, 5, '¿Qué civilización mesoamericana desarrolló el sistema de numeración con el cero?', 2),
(304, 5, '¿Qué acontecimiento es conocido como el \"Crack del 29\"?', 2),
(305, 5, '¿Qué país fue gobernado por Francisco Franco?', 2),
(306, 5, '¿Qué fue la Guerra de los Cien Años?', 2),
(307, 5, '¿Cuál fue la causa principal de la Guerra de Secesión en EE. UU.?', 3),
(308, 5, '¿Qué dinastía gobernó China durante la construcción del Gran Canal?', 3),
(309, 5, '¿Qué rey inglés firmó la Carta Magna?', 3),
(310, 5, '¿Qué papa proclamó la Primera Cruzada?', 3),
(311, 5, '¿Qué tratado dividió el mundo entre España y Portugal en 1494?', 3),
(312, 5, '¿Quién descubrió América en 1492?', 1),
(313, 5, '¿Qué civilización habitó Machu Picchu?', 1),
(314, 5, '¿En qué continente ocurrió la Segunda Guerra Mundial?', 1),
(315, 5, '¿Quién fue el libertador de Argentina, Chile y Perú?', 1),
(316, 5, '¿Qué famoso muro fue derribado en 1989?', 1),
(317, 5, '¿En qué ciudad vivían los faraones?', 1),
(318, 5, '¿Qué conflicto enfrentó a la Unión y la Confederación en EE. UU.?', 1),
(319, 5, '¿Quién fue Napoleón Bonaparte?', 1),
(320, 5, '¿En qué país se construyó la Gran Muralla?', 1),
(321, 5, '¿Cuál fue la primera civilización en usar escritura?', 1),
(322, 5, '¿Qué evento marcó el inicio de la Edad Media?', 2),
(323, 5, '¿Quién fue la reina de Francia durante la Revolución Francesa?', 2),
(324, 5, '¿Qué países formaron el Eje en la Segunda Guerra Mundial?', 2),
(325, 5, '¿Qué tratado puso fin a la Primera Guerra Mundial?', 2),
(326, 5, '¿Quién fue el primer emperador romano?', 2),
(327, 5, '¿Qué batalla detuvo el avance musulmán en Europa en el 732?', 2),
(328, 5, '¿Qué civilización mesoamericana desarrolló el sistema de numeración con el cero?', 2),
(329, 5, '¿Qué acontecimiento es conocido como el \"Crack del 29\"?', 2),
(330, 5, '¿Qué país fue gobernado por Francisco Franco?', 2),
(331, 5, '¿Qué fue la Guerra de los Cien Años?', 2),
(332, 5, '¿Cuál fue la causa principal de la Guerra de Secesión en EE. UU.?', 3),
(333, 5, '¿Qué dinastía gobernó China durante la construcción del Gran Canal?', 3),
(334, 5, '¿Qué rey inglés firmó la Carta Magna?', 3),
(335, 5, '¿Qué emperador bizantino impulsó la recopilación del derecho romano?', 3),
(336, 5, '¿Qué papa proclamó la Primera Cruzada?', 3),
(337, 5, '¿Qué tratado dividió el mundo entre España y Portugal en 1494?', 3),
(338, 5, '¿Qué general cartaginés cruzó los Alpes para atacar Roma?', 3),
(339, 5, '¿Qué líder soviético sucedió a Stalin?', 3),
(340, 5, '¿Qué civilización precolombina se estableció en la actual Honduras?', 3),
(341, 5, '¿Qué fue el Congreso de Viena?', 3),
(342, 6, '¿Qué pintor es famoso por cortarse una oreja?', 1),
(343, 6, '¿Cuál es el instrumento principal en un concierto de piano?', 1),
(344, 6, '¿Quién pintó la Mona Lisa?', 1),
(345, 6, '¿Qué instrumento musical tiene cuerdas?', 1),
(346, 6, '¿En qué ciudad está el Museo del Louvre?', 1),
(347, 6, '¿Qué color se obtiene mezclando azul y amarillo?', 1),
(348, 6, '¿Qué personaje de Disney es una sirena?', 1),
(349, 6, '¿Quién escribió la obra “Romeo y Julieta”?', 1),
(350, 6, '¿Qué película cuenta la historia de juguetes que cobran vida?', 1),
(351, 6, '¿Cuál es el nombre del ratón más famoso de Disney?', 1),
(352, 6, '¿Quién dirigió la película \"El Gran Hotel Budapest\"?', 2),
(353, 6, '¿Qué banda compuso el álbum \"The Dark Side of the Moon\"?', 2),
(354, 6, '¿Qué director es conocido por la trilogía “El Señor de los Anillos”?', 2),
(355, 6, '¿Quién protagoniza la película “Forrest Gump”?', 2),
(356, 6, '¿Cuál de estos músicos es famoso por su \"moonwalk\"?', 2),
(357, 6, '¿Qué serie popular está ambientada en Hawkins, Indiana?', 2),
(358, 6, '¿Quién interpreta al personaje Tony Stark en Marvel?', 2),
(359, 6, '¿Qué actor protagonizó “La La Land”?', 2),
(360, 6, '¿Qué saga tiene casas como Gryffindor y Slytherin?', 2),
(361, 6, '¿Qué película popular gira en torno a los sueños dentro de sueños?', 2),
(362, 6, '¿Qué película experimental fue dirigida por David Lynch y se estrenó en 2001?', 3),
(363, 6, '¿Qué director ganó el Óscar a Mejor Dirección por \"La forma del agua\"?', 3),
(364, 6, '¿Cuál fue el primer largometraje animado producido por Walt Disney?', 3),
(365, 6, '¿Quién interpretó a Truman Capote en la película \"Capote\" de 2005?', 3),
(366, 6, '¿Qué banda sonora fue compuesta por Vangelis y ganó un Óscar en 1982?', 3),
(367, 6, '¿Qué película ganó el León de Oro en el Festival de Venecia en 2019?', 3),
(368, 6, '¿Qué serie fue la primera en ganar un Emmy por tener un elenco completamente afroamericano?', 3),
(369, 6, '¿Qué compositor creó la música para \"La naranja mecánica\"?', 3),
(370, 6, '¿En qué año se emitió por primera vez \"The Twilight Zone\"?', 3),
(371, 6, '¿Cuál es el nombre completo del personaje interpretado por Uma Thurman en \"Kill Bill\"?', 3);

-- --------------------------------------------------------

--
-- Estructura de tabla para la tabla `pregunta_usuario`
--

CREATE TABLE `pregunta_usuario` (
  `id` int(11) NOT NULL,
  `idusuario` int(11) NOT NULL,
  `idpregunta` bigint(20) UNSIGNED NOT NULL,
  `id_respuesta_elegida` bigint(20) UNSIGNED NOT NULL,
  `es_correcta` tinyint(1) DEFAULT NULL
) ENGINE=InnoDB DEFAULT CHARSET=utf8mb4 COLLATE=utf8mb4_general_ci;

-- --------------------------------------------------------

--
-- Estructura de tabla para la tabla `respuesta`
--

CREATE TABLE `respuesta` (
  `id` bigint(20) UNSIGNED NOT NULL,
  `id_pregunta` int(11) NOT NULL,
  `texto` text NOT NULL,
  `es_correcta` tinyint(1) NOT NULL
) ENGINE=InnoDB DEFAULT CHARSET=utf8mb4 COLLATE=utf8mb4_general_ci;

--
-- Volcado de datos para la tabla `respuesta`
--

INSERT INTO `respuesta` (`id`, `id_pregunta`, `texto`, `es_correcta`) VALUES
(1, 1, 'Ag', 0),
(2, 1, 'Au', 1),
(3, 1, 'Gd', 0),
(4, 1, 'Fe', 0),
(5, 2, '9', 0),
(6, 2, '8', 1),
(7, 2, '7', 0),
(8, 2, '10', 0),
(9, 3, 'Nitrógeno', 0),
(10, 3, 'Oxígeno', 1),
(11, 3, 'Dióxido de carbono', 0),
(12, 3, 'Hidrógeno', 0),
(13, 4, 'Pulmón', 0),
(14, 4, 'Corazón', 1),
(15, 4, 'Hígado', 0),
(16, 4, 'Riñón', 0),
(17, 5, 'Germinación', 0),
(18, 5, 'Respiración', 0),
(19, 5, 'Fotosíntesis', 1),
(20, 5, 'Digestión', 0),
(21, 6, 'Pez', 0),
(22, 6, 'Delfín', 1),
(23, 6, 'Tiburón', 0),
(24, 6, 'Ballena', 0),
(25, 7, 'Radio', 0),
(26, 7, 'Fémur', 1),
(27, 7, 'Tibia', 0),
(28, 7, 'Húmero', 0),
(29, 8, 'Isaac Newton', 0),
(30, 8, 'Albert Einstein', 1),
(31, 8, 'Nikola Tesla', 0),
(32, 8, 'Galileo Galilei', 0),
(33, 9, 'Venus', 0),
(34, 9, 'Mercurio', 1),
(35, 9, 'Marte', 0),
(36, 9, 'Tierra', 0),
(37, 10, 'Eléctrica', 0),
(38, 10, 'Térmica', 0),
(39, 10, 'Solar', 1),
(40, 10, 'Eólica', 0),
(49, 13, '4', 0),
(50, 13, '5', 1),
(51, 13, '6', 0),
(52, 13, '7', 0),
(81, 21, 'Júpiter', 0),
(82, 21, 'Marte', 1),
(83, 21, 'Saturno', 0),
(84, 21, 'Neptuno', 0),
(85, 22, 'Sólido', 0),
(86, 22, 'Líquido', 0),
(87, 22, 'Gaseoso', 1),
(88, 22, 'Plasma', 0),
(93, 24, 'Oxígeno', 0),
(94, 24, 'Nitrógeno', 0),
(95, 24, 'Dióxido de carbono', 1),
(96, 24, 'Helio', 0),
(97, 25, 'Pulmón', 0),
(98, 25, 'Ojo', 1),
(99, 25, 'Riñón', 0),
(100, 25, 'Hígado', 0),
(101, 26, 'Agua', 0),
(102, 26, 'Linfa', 0),
(103, 26, 'Sangre', 1),
(104, 26, 'Jugo gástrico', 0),
(105, 27, 'Fricción', 0),
(106, 27, 'Tensión', 0),
(107, 27, 'Gravedad', 1),
(108, 27, 'Presión', 0),
(109, 28, 'La Luna', 0),
(110, 28, 'El Sol', 1),
(111, 28, 'Venus', 0),
(112, 28, 'Marte', 0),
(113, 29, 'Reptil', 0),
(114, 29, 'Anfibio', 1),
(115, 29, 'Ave', 0),
(116, 29, 'Mamífero', 0),
(117, 30, 'Estómago', 0),
(118, 30, 'Hígado', 0),
(119, 30, 'Páncreas', 0),
(120, 30, 'Riñón', 1),
(121, 31, '12', 0),
(122, 31, '6', 1),
(123, 31, '8', 0),
(124, 31, '14', 0),
(125, 32, 'Tálamo', 0),
(126, 32, 'Hipotálamo', 0),
(127, 32, 'Cerebelo', 1),
(128, 32, 'Bulbo raquídeo', 0),
(129, 33, 'Protón', 0),
(130, 33, 'Neutrón', 0),
(131, 33, 'Electrón', 1),
(132, 33, 'Quark', 0),
(133, 34, 'Ácido nucleico', 1),
(134, 34, 'Proteína', 0),
(135, 34, 'Hormona', 0),
(136, 34, 'Enzima', 0),
(137, 35, 'Nuclear', 0),
(138, 35, 'Cinética', 0),
(139, 35, 'Química', 1),
(140, 35, 'Eléctrica', 0),
(141, 36, 'Newton', 0),
(142, 36, 'Pasteur', 0),
(143, 36, 'Darwin', 1),
(144, 36, 'Curie', 0),
(145, 37, 'Condensación', 0),
(146, 37, 'Fusión', 0),
(147, 37, 'Evaporación', 1),
(148, 37, 'Solidificación', 0),
(149, 38, 'Sin núcleo definido', 1),
(150, 38, 'Con núcleo', 0),
(151, 38, 'Multicelular', 0),
(152, 38, 'Vegetal', 0),
(153, 39, 'CO₂', 0),
(154, 39, 'H₂O', 1),
(155, 39, 'O₂', 0),
(156, 39, 'CH₄', 0),
(157, 40, 'Iónico', 0),
(158, 40, 'Covalente', 1),
(159, 40, 'Metálico', 0),
(160, 40, 'Puente de hidrógeno', 0),
(161, 41, 'Hígado', 0),
(162, 41, 'Riñón', 0),
(163, 41, 'Páncreas', 1),
(164, 41, 'Estómago', 0),
(165, 42, 'Centro de control', 0),
(166, 42, 'Fábrica de proteínas', 0),
(167, 42, 'Organelo que produce energía', 1),
(168, 42, 'Receptor hormonal', 0),
(169, 43, 'So', 0),
(170, 43, 'Na', 1),
(171, 43, 'Sd', 0),
(172, 43, 'S', 0),
(173, 44, 'Estratósfera', 0),
(174, 44, 'Ozono', 1),
(175, 44, 'Troposfera', 0),
(176, 44, 'Exósfera', 0),
(177, 45, 'Sublimación', 0),
(178, 45, 'Condensación', 1),
(179, 45, 'Fusión', 0),
(180, 45, 'Evaporación', 0),
(181, 46, 'Glóbulo blanco', 0),
(182, 46, 'Glóbulo rojo', 1),
(183, 46, 'Plaqueta', 0),
(184, 46, 'Linfocito', 0),
(185, 47, 'Difracción', 0),
(186, 47, 'Reflexión', 0),
(187, 47, 'Refracción', 1),
(188, 47, 'Absorción', 0),
(189, 48, 'Potencial de hidrógeno', 1),
(190, 48, 'Peso hormonal', 0),
(191, 48, 'Potencia hidrostática', 0),
(192, 48, 'Punto de hervor', 0),
(193, 49, 'A', 0),
(194, 49, 'B12', 0),
(195, 49, 'C', 0),
(196, 49, 'D', 1),
(197, 50, 'Voltio', 0),
(198, 50, 'Newton', 0),
(199, 50, 'Julio', 1),
(200, 50, 'Pascal', 0),
(201, 51, '80', 0),
(202, 51, '90', 1),
(203, 51, '100', 0),
(204, 51, '120', 0),
(205, 52, 'Pelé', 0),
(206, 52, 'Miroslav Klose', 1),
(207, 52, 'Cristiano Ronaldo', 0),
(208, 52, 'Lionel Messi', 0),
(209, 53, 'Tokio', 0),
(210, 53, 'Londres', 0),
(211, 53, 'Río de Janeiro', 1),
(212, 53, 'Atenas', 0),
(213, 54, 'Alemania', 0),
(214, 54, 'Argentina', 0),
(215, 54, 'Brasil', 1),
(216, 54, 'Italia', 0),
(217, 55, 'Atletismo', 0),
(218, 55, 'Natación', 0),
(219, 55, 'Gimnasia', 0),
(220, 55, 'Tenis', 1),
(221, 56, 'NFL', 0),
(222, 56, 'NHL', 0),
(223, 56, 'NBA', 1),
(224, 56, 'MLB', 0),
(225, 57, 'Alemania', 0),
(226, 57, 'Italia', 0),
(227, 57, 'Francia', 1),
(228, 57, 'España', 0),
(229, 58, 'Surf', 1),
(230, 58, 'Snowboard', 0),
(231, 58, 'Skateboard', 0),
(232, 58, 'Windsurf', 0),
(233, 59, 'Motociclismo', 0),
(234, 59, 'Fórmula 1', 1),
(235, 59, 'Rally', 0),
(236, 59, 'NASCAR', 0),
(237, 60, 'El Tigre', 0),
(238, 60, 'El Pibe de Oro', 1),
(239, 60, 'El Mago', 0),
(240, 60, 'El Matador', 0),
(241, 61, 'Fútbol', 0),
(242, 61, 'Tenis', 1),
(243, 61, 'Golf', 0),
(244, 61, 'Hockey', 0),
(245, 62, 'Baloncesto', 0),
(246, 62, 'Tenis', 0),
(247, 62, 'Fútbol', 1),
(248, 62, 'Béisbol', 0),
(249, 63, 'Brasil', 0),
(250, 63, 'Alemania', 0),
(251, 63, 'Francia', 0),
(252, 63, 'Argentina', 1),
(253, 64, '10', 0),
(254, 64, '11', 1),
(255, 64, '12', 0),
(256, 64, '9', 0),
(257, 65, 'Boston', 0),
(258, 65, 'Los Ángeles', 1),
(259, 65, 'Miami', 0),
(260, 65, 'Chicago', 0),
(261, 66, 'Natación', 0),
(262, 66, 'Atletismo', 1),
(263, 66, 'Boxeo', 0),
(264, 66, 'Fútbol', 0),
(265, 67, 'Cricket', 0),
(266, 67, 'Hockey sobre hielo', 1),
(267, 67, 'Rugby', 0),
(268, 67, 'Golf', 0),
(269, 68, 'China', 0),
(270, 68, 'Japón', 1),
(271, 68, 'Corea', 0),
(272, 68, 'India', 0),
(273, 69, 'Argentina', 0),
(274, 69, 'Alemania', 1),
(275, 69, 'Francia', 0),
(276, 69, 'España', 0),
(277, 70, '2', 0),
(278, 70, '3', 1),
(279, 70, '1', 0),
(280, 70, '4', 0),
(281, 71, 'Golf', 1),
(282, 71, 'Béisbol', 0),
(283, 71, 'Rugby', 0),
(284, 71, 'Tenis', 0),
(285, 72, 'Copa del Rey', 0),
(286, 72, 'Balón de Oro', 0),
(287, 72, 'Copa FIFA', 1),
(288, 72, 'Liga de Campeones', 0),
(289, 73, 'Vóley', 1),
(290, 73, 'Rugby', 0),
(291, 73, 'Básquet', 0),
(292, 73, 'Cricket', 0),
(293, 74, 'Brasil', 0),
(294, 74, 'Argentina', 1),
(295, 74, 'Uruguay', 0),
(296, 74, 'Chile', 0),
(297, 75, 'Maradona', 0),
(298, 75, 'Riquelme', 0),
(299, 75, 'Messi', 1),
(300, 75, 'Di María', 0),
(301, 76, 'Rojo', 0),
(302, 76, 'Azul', 0),
(303, 76, 'Amarillo', 1),
(304, 76, 'Verde', 0),
(305, 77, 'Béisbol', 1),
(306, 77, 'Vóley', 0),
(307, 77, 'Rugby', 0),
(308, 77, 'Balonmano', 0),
(309, 78, 'Japón', 0),
(310, 78, 'Francia', 1),
(311, 78, 'EE. UU.', 0),
(312, 78, 'China', 0),
(313, 79, 'Atletismo', 0),
(314, 79, 'Natación', 1),
(315, 79, 'Remo', 0),
(316, 79, 'Lucha', 0),
(317, 80, 'Alemania', 0),
(318, 80, 'Italia', 0),
(319, 80, 'Brasil', 1),
(320, 80, 'Francia', 0),
(321, 81, 'Canadá', 0),
(322, 81, 'Estados Unidos', 1),
(323, 81, 'Inglaterra', 0),
(324, 81, 'España', 0),
(325, 82, 'Camp Nou', 0),
(326, 82, 'Santiago Bernabéu', 1),
(327, 82, 'Wanda Metropolitano', 0),
(328, 82, 'Old Trafford', 0),
(329, 83, '4', 0),
(330, 83, '5', 1),
(331, 83, '6', 0),
(332, 83, '3', 0),
(333, 84, 'España', 0),
(334, 84, 'Italia', 1),
(335, 84, 'Inglaterra', 0),
(336, 84, 'Francia', 0),
(337, 85, 'Hockey sobre hielo', 1),
(338, 85, 'Cricket', 0),
(339, 85, 'Rugby', 0),
(340, 85, 'Béisbol', 0),
(341, 86, 'Biatlón', 1),
(342, 86, 'Triatlón', 0),
(343, 86, 'Pentatlón', 0),
(344, 86, 'Esgrima', 0),
(345, 87, 'Barómetro', 0),
(346, 87, 'Cronómetro', 1),
(347, 87, 'Velocímetro', 0),
(348, 87, 'Altímetro', 0),
(349, 88, 'Karate', 0),
(350, 88, 'Sumo', 1),
(351, 88, 'Judo', 0),
(352, 88, 'Béisbol', 0),
(353, 89, 'Ciclismo', 1),
(354, 89, 'Atletismo', 0),
(355, 89, 'Patinaje', 0),
(356, 89, 'Esquí', 0),
(357, 90, 'Pelota', 0),
(358, 90, 'Bola de bolos', 1),
(359, 90, 'Disco', 0),
(360, 90, 'Balón', 0),
(361, 91, 'Tenis', 1),
(362, 91, 'Fútbol', 0),
(363, 91, 'Golf', 0),
(364, 91, 'Béisbol', 0),
(365, 92, '5', 1),
(366, 92, '6', 0),
(367, 92, '7', 0),
(368, 92, '4', 0),
(369, 93, 'Con la mano', 1),
(370, 93, 'Con el pie', 0),
(371, 93, 'Con la cabeza', 0),
(372, 93, 'Con el muslo', 0),
(373, 94, 'Natación', 1),
(374, 94, 'Ciclismo', 0),
(375, 94, 'Boxeo', 0),
(376, 94, 'Esgrima', 0),
(377, 95, 'Fútbol', 1),
(378, 95, 'Básquet', 0),
(379, 95, 'Tenis de mesa', 0),
(380, 95, 'Vóley', 0),
(381, 96, 'Hockey sobre hielo', 1),
(382, 96, 'Esquí', 0),
(383, 96, 'Curling', 0),
(384, 96, 'Patinaje artístico', 0),
(385, 97, 'Lionel Messi', 1),
(386, 97, 'Diego Maradona', 0),
(387, 97, 'Carlos Tevez', 0),
(388, 97, 'Ángel Di María', 0),
(389, 98, 'Triatlón', 1),
(390, 98, 'Pentatlón', 0),
(391, 98, 'Ironman', 0),
(392, 98, 'Duatlón', 0),
(393, 99, 'Bádminton', 1),
(394, 99, 'Tenis', 0),
(395, 99, 'Squash', 0),
(396, 99, 'Fútbol tenis', 0),
(397, 100, 'Oro', 1),
(398, 100, 'Plata', 0),
(399, 100, 'Bronce', 0),
(400, 100, 'Negro', 0),
(401, 101, 'Sídney', 0),
(402, 101, 'Canberra', 1),
(403, 101, 'Melbourne', 0),
(404, 101, 'Brisbane', 0),
(405, 102, 'Grecia', 0),
(406, 102, 'Italia', 1),
(407, 102, 'España', 0),
(408, 102, 'Francia', 0),
(409, 103, 'Nepal', 1),
(410, 103, 'Suiza', 0),
(411, 103, 'India', 0),
(412, 103, 'China', 0),
(413, 104, 'Amazonas', 1),
(414, 104, 'Nilo', 0),
(415, 104, 'Yangtsé', 0),
(416, 104, 'Misisipi', 0),
(417, 105, 'Estados Unidos', 0),
(418, 105, 'China', 0),
(419, 105, 'Rusia', 1),
(420, 105, 'Canadá', 0),
(421, 106, 'Asia', 0),
(422, 106, 'Europa', 0),
(423, 106, 'África', 1),
(424, 106, 'América', 0),
(425, 107, 'Noruega', 0),
(426, 107, 'Filipinas', 0),
(427, 107, 'Suecia', 1),
(428, 107, 'Indonesia', 0),
(429, 108, 'Casablanca', 0),
(430, 108, 'Rabat', 1),
(431, 108, 'Fez', 0),
(432, 108, 'Marrakech', 0),
(433, 109, 'Atlántico', 0),
(434, 109, 'Índico', 1),
(435, 109, 'Pacífico', 0),
(436, 109, 'Ártico', 0),
(437, 110, 'India', 1),
(438, 110, 'China', 0),
(439, 110, 'Estados Unidos', 0),
(440, 110, 'Indonesia', 0),
(441, 111, 'Berlín', 0),
(442, 111, 'Madrid', 0),
(443, 111, 'París', 1),
(444, 111, 'Roma', 0),
(445, 112, 'Atlántico', 0),
(446, 112, 'Índico', 1),
(447, 112, 'Pacífico', 0),
(448, 112, 'Ártico', 0),
(449, 113, 'África', 0),
(450, 113, 'Europa', 0),
(451, 113, 'Oceanía', 1),
(452, 113, 'América del Sur', 0),
(453, 114, 'México', 0),
(454, 114, 'Canadá', 1),
(455, 114, 'Australia', 0),
(456, 114, 'Japón', 0),
(457, 115, 'Londres', 0),
(458, 115, 'Berlín', 0),
(459, 115, 'París', 1),
(460, 115, 'Milán', 0),
(461, 116, 'Corea del Sur', 0),
(462, 116, 'China', 0),
(463, 116, 'Japón', 1),
(464, 116, 'Tailandia', 0),
(465, 117, 'Atacama', 0),
(466, 117, 'Kalahari', 0),
(467, 117, 'Sahara', 1),
(468, 117, 'Gobi', 0),
(469, 118, 'Mar del Norte', 0),
(470, 118, 'Mar Mediterráneo', 1),
(471, 118, 'Mar Rojo', 0),
(472, 118, 'Mar Báltico', 0),
(473, 119, 'África', 0),
(474, 119, 'Europa', 0),
(475, 119, 'América del Sur', 1),
(476, 119, 'Asia', 0),
(477, 120, 'Argentina', 0),
(478, 120, 'Brasil', 1),
(479, 120, 'Colombia', 0),
(480, 120, 'Perú', 0),
(481, 121, 'México', 0),
(482, 121, 'Canadá', 1),
(483, 121, 'Guatemala', 0),
(484, 121, 'Cuba', 0),
(485, 122, 'Galápagos', 0),
(486, 122, 'Pascua', 1),
(487, 122, 'Madagascar', 0),
(488, 122, 'Bali', 0),
(489, 123, 'Barcelona', 0),
(490, 123, 'Sevilla', 0),
(491, 123, 'Valencia', 0),
(492, 123, 'Madrid', 1),
(493, 124, 'Amazonas', 0),
(494, 124, 'Danubio', 0),
(495, 124, 'Nilo', 1),
(496, 124, 'Rin', 0),
(497, 125, 'América', 0),
(498, 125, 'Asia', 0),
(499, 125, 'África', 1),
(500, 125, 'Europa', 0),
(501, 126, 'Estados Unidos', 0),
(502, 126, 'Canadá', 1),
(503, 126, 'México', 0),
(504, 126, 'Cuba', 0),
(505, 127, 'Alpes', 0),
(506, 127, 'Andes', 1),
(507, 127, 'Himalaya', 0),
(508, 127, 'Pirineos', 0),
(509, 128, 'Austria', 0),
(510, 128, 'Alemania', 1),
(511, 128, 'Bélgica', 0),
(512, 128, 'Suiza', 0),
(513, 129, 'Español', 0),
(514, 129, 'Portugués', 1),
(515, 129, 'Francés', 0),
(516, 129, 'Inglés', 0),
(517, 130, 'Bolivia', 0),
(518, 130, 'Perú', 0),
(519, 130, 'Chile', 1),
(520, 130, 'Ecuador', 0),
(521, 131, 'Suiza', 0),
(522, 131, 'Nepal', 0),
(523, 131, 'Bután', 1),
(524, 131, 'Afganistán', 0),
(525, 132, 'Argentina', 1),
(526, 132, 'Chile', 0),
(527, 132, 'Nueva Zelanda', 0),
(528, 132, 'Australia', 0),
(529, 133, 'Lago Titicaca', 0),
(530, 133, 'Lago Ness', 0),
(531, 133, 'Lago Baikal', 1),
(532, 133, 'Lago Superior', 0),
(533, 134, 'Australia', 0),
(534, 134, 'Groenlandia', 1),
(535, 134, 'Madagascar', 0),
(536, 134, 'Borneo', 0),
(537, 135, 'Gobi', 0),
(538, 135, 'Ártico', 0),
(539, 135, 'Antártida', 1),
(540, 135, 'Kalahari', 0),
(541, 136, 'Namibia', 0),
(542, 136, 'Sudáfrica', 1),
(543, 136, 'Mozambique', 0),
(544, 136, 'Angola', 0),
(545, 137, 'Trópico de Cáncer', 0),
(546, 137, 'Trópico de Capricornio', 0),
(547, 137, 'Ecuador', 1),
(548, 137, 'Meridiano de Greenwich', 0),
(549, 138, 'Mónaco', 0),
(550, 138, 'San Marino', 0),
(551, 138, 'Ciudad del Vaticano', 1),
(552, 138, 'Liechtenstein', 0),
(553, 139, 'Rusia', 0),
(554, 139, 'China', 1),
(555, 139, 'Brasil', 0),
(556, 139, 'Alemania', 0),
(557, 140, 'Tashkent', 0),
(558, 140, 'Astana', 1),
(559, 140, 'Bakú', 0),
(560, 140, 'Dusambé', 0),
(561, 141, 'Indonesia', 1),
(562, 141, 'Japón', 0),
(563, 141, 'Islandia', 0),
(564, 141, 'Chile', 0),
(565, 142, 'Himalaya', 0),
(566, 142, 'Cáucaso', 0),
(567, 142, 'Montes Urales', 1),
(568, 142, 'Pirineos', 0),
(569, 143, 'Marruecos', 0),
(570, 143, 'Turquía', 1),
(571, 143, 'Rusia', 0),
(572, 143, 'Grecia', 0),
(573, 144, 'La Paz', 0),
(574, 144, 'Lhasa', 0),
(575, 144, 'El Alto', 1),
(576, 144, 'Quito', 0),
(577, 145, 'Amazonas', 0),
(578, 145, 'Danubio', 1),
(579, 145, 'Misisipi', 0),
(580, 145, 'Yangtsé', 0),
(581, 146, 'Bolivia', 1),
(582, 146, 'Colombia', 0),
(583, 146, 'Venezuela', 0),
(584, 146, 'Uruguay', 0),
(585, 147, 'Irán', 0),
(586, 147, 'Israel', 1),
(587, 147, 'Irak', 0),
(588, 147, 'Egipto', 0),
(589, 148, 'Pascua', 0),
(590, 148, 'Galápagos', 1),
(591, 148, 'Canarias', 0),
(592, 148, 'Maldivas', 0),
(593, 149, 'Islandia', 0),
(594, 149, 'Noruega', 1),
(595, 149, 'Escocia', 0),
(596, 149, 'Canadá', 0),
(597, 150, 'Tashkent', 0),
(598, 150, 'Ulan Bator', 1),
(599, 150, 'Biskek', 0),
(600, 150, 'Astaná', 0),
(721, 181, 'Miguel Ángel', 0),
(722, 181, 'Leonardo da Vinci', 1),
(723, 181, 'Rafael', 0),
(724, 181, 'Donatello', 0),
(725, 182, 'Cubismo', 0),
(726, 182, 'Surrealismo', 1),
(727, 182, 'Impresionismo', 0),
(728, 182, 'Expresionismo', 0),
(729, 183, 'Francia', 0),
(730, 183, 'España', 1),
(731, 183, 'Italia', 0),
(732, 183, 'Portugal', 0),
(733, 184, 'El Guernica', 0),
(734, 184, 'La Noche Estrellada', 0),
(735, 184, 'El Grito', 1),
(736, 184, 'La Última Cena', 0),
(737, 185, 'Piano', 0),
(738, 185, 'Violín', 1),
(739, 185, 'Flauta', 0),
(740, 185, 'Guitarra', 0),
(741, 186, 'Van Gogh', 1),
(742, 186, 'Monet', 0),
(743, 186, 'Dalí', 0),
(744, 186, 'Matisse', 0),
(745, 187, 'Homero', 0),
(746, 187, 'Dante Alighieri', 1),
(747, 187, 'Shakespeare', 0),
(748, 187, 'Virgilio', 0),
(749, 188, 'Calatrava', 0),
(750, 188, 'Gaudí', 1),
(751, 188, 'Gehry', 0),
(752, 188, 'Le Corbusier', 0),
(753, 189, 'Realismo', 0),
(754, 189, 'Cubismo', 0),
(755, 189, 'Romanticismo', 0),
(756, 189, 'Dinamismo', 1),
(757, 190, 'Escultura', 0),
(758, 190, 'Pintura', 1),
(759, 190, 'Grabado', 0),
(760, 190, 'Arquitectura', 0),
(761, 191, 'El Bosco', 1),
(762, 191, 'Durero', 0),
(763, 191, 'Rembrandt', 0),
(764, 191, 'Rubens', 0),
(765, 192, 'Seurat', 1),
(766, 192, 'Gauguin', 0),
(767, 192, 'Cezanne', 0),
(768, 192, 'Renoir', 0),
(769, 193, 'Capoeira', 1),
(770, 193, 'Samba', 0),
(771, 193, 'Lambada', 0),
(772, 193, 'Zouk', 0),
(773, 194, 'Una escultura con tres partes', 0),
(774, 194, 'Una pintura en tres paneles', 1),
(775, 194, 'Una técnica de grabado', 0),
(776, 194, 'Un mural circular', 0),
(777, 195, 'Warhol', 1),
(778, 195, 'Lichtenstein', 0),
(779, 195, 'Duchamp', 0),
(780, 195, 'Pollock', 0),
(781, 196, 'Fauvismo', 0),
(782, 196, 'Surrealismo', 1),
(783, 196, 'Impresionismo', 0),
(784, 196, 'Constructivismo', 0),
(785, 197, 'Obra de teatro', 0),
(786, 197, 'Composición orquestal extensa', 1),
(787, 197, 'Canción religiosa', 0),
(788, 197, 'Ballet', 0),
(789, 198, 'Litografía', 0),
(790, 198, 'Xilografía', 1),
(791, 198, 'Aguafuerte', 0),
(792, 198, 'Serigrafía', 0),
(793, 199, 'Rossini', 0),
(794, 199, 'Verdi', 1),
(795, 199, 'Puccini', 0),
(796, 199, 'Bizet', 0),
(797, 200, 'Cúpulas grandes', 0),
(798, 200, 'Columnas dóricas', 0),
(799, 200, 'Vitrales y arcos apuntados', 1),
(800, 200, 'Pintura mural', 0),
(801, 201, 'Thomas Jefferson', 0),
(802, 201, 'George Washington', 1),
(803, 201, 'Abraham Lincoln', 0),
(804, 201, 'John Adams', 0),
(805, 202, '1789', 1),
(806, 202, '1776', 0),
(807, 202, '1804', 0),
(808, 202, '1750', 0),
(809, 203, 'Griega', 0),
(810, 203, 'Mesopotámica', 0),
(811, 203, 'Egipcia', 1),
(812, 203, 'Romana', 0),
(813, 204, 'Guerra Fría', 0),
(814, 204, 'Guerra de Corea', 0),
(815, 204, 'Guerra de Vietnam', 1),
(816, 204, 'Primera Guerra Mundial', 0),
(817, 205, 'Imperio Otomano', 0),
(818, 205, 'Imperio Persa', 0),
(819, 205, 'Imperio Romano', 1),
(820, 205, 'Imperio Griego', 0),
(821, 206, 'Francia', 0),
(822, 206, 'Alemania', 1),
(823, 206, 'Japón', 0),
(824, 206, 'Reino Unido', 0),
(825, 207, '2', 0),
(826, 207, '4', 1),
(827, 207, '6', 0),
(828, 207, '10', 0),
(829, 208, 'Mussolini', 0),
(830, 208, 'Hitler', 1),
(831, 208, 'Stalin', 0),
(832, 208, 'Churchill', 0),
(833, 209, 'Muro de los Lamentos', 0),
(834, 209, 'Muro de Berlín', 1),
(835, 209, 'Muro de Hierro', 0),
(836, 209, 'Muro Oriental', 0),
(837, 210, 'Lusitania', 0),
(838, 210, 'Titanic', 1),
(839, 210, 'Britannic', 0),
(840, 210, 'Queen Mary', 0),
(841, 211, 'XI', 0),
(842, 211, 'XII', 0),
(843, 211, 'XIII', 1),
(844, 211, 'XIV', 0),
(845, 212, 'Linotipia', 0),
(846, 212, 'Impresora', 0),
(847, 212, 'Prensa de Gutenberg', 1),
(848, 212, 'Tipografía', 0),
(849, 213, 'Patrice Lumumba', 0),
(850, 213, 'Nelson Mandela', 1),
(851, 213, 'Desmond Tutu', 0),
(852, 213, 'Kwame Nkrumah', 0),
(853, 214, 'Jerusalén', 0),
(854, 214, 'Constantinopla', 1),
(855, 214, 'Damasco', 0),
(856, 214, 'Roma', 0),
(857, 215, 'Hitler', 0),
(858, 215, 'Bismarck', 1),
(859, 215, 'Guillermo I', 0),
(860, 215, 'Federico II', 0),
(861, 216, 'Bizantino', 0),
(862, 216, 'Austrohúngaro', 1),
(863, 216, 'Otomano', 0),
(864, 216, 'Ruso', 0),
(865, 217, 'Renacimiento', 0),
(866, 217, 'Ilustración', 1),
(867, 217, 'Romanticismo', 0),
(868, 217, 'Escolástica', 0),
(869, 218, 'Colón', 0),
(870, 218, 'Vasco da Gama', 0),
(871, 218, 'Magallanes', 1),
(872, 218, 'Américo Vespucio', 0),
(873, 219, 'Alemania', 0),
(874, 219, 'China', 0),
(875, 219, 'Rusia', 1),
(876, 219, 'Corea', 0),
(877, 220, 'Egipcia', 1),
(878, 220, 'Babilónica', 0),
(879, 220, 'Maya', 0),
(880, 220, 'Griega', 0),
(881, 221, 'Harry Potter', 0),
(882, 221, 'Star Wars', 0),
(883, 221, 'El Señor de los Anillos', 1),
(884, 221, 'Juego de Tronos', 0),
(885, 222, 'Prince', 0),
(886, 222, 'Michael Jackson', 1),
(887, 222, 'Bruno Mars', 0),
(888, 222, 'Justin Timberlake', 0),
(889, 223, 'The Witcher', 0),
(890, 223, 'Juego de Tronos', 1),
(891, 223, 'Vikings', 0),
(892, 223, 'The Mandalorian', 0),
(893, 224, 'Batman', 0),
(894, 224, 'Superman', 0),
(895, 224, 'Iron Man', 1),
(896, 224, 'Flash', 0),
(897, 225, '1917', 0),
(898, 225, 'Joker', 0),
(899, 225, 'Parásitos', 1),
(900, 225, 'Jojo Rabbit', 0),
(901, 226, 'Brad Pitt', 0),
(902, 226, 'Leonardo DiCaprio', 1),
(903, 226, 'Tom Hanks', 0),
(904, 226, 'Matt Damon', 0),
(905, 227, 'Nirvana', 0),
(906, 227, 'Queen', 1),
(907, 227, 'The Killers', 0),
(908, 227, 'Foo Fighters', 0),
(909, 228, 'How I Met Your Mother', 0),
(910, 228, 'Friends', 0),
(911, 228, 'The Big Bang Theory', 1),
(912, 228, 'Modern Family', 0),
(913, 229, 'Enredados', 0),
(914, 229, 'Frozen', 1),
(915, 229, 'Moana', 0),
(916, 229, 'Valiente', 0),
(917, 230, 'Steven Spielberg', 0),
(918, 230, 'George Lucas', 1),
(919, 230, 'J.J. Abrams', 0),
(920, 230, 'James Cameron', 0),
(921, 231, 'Justin Timberlake', 1),
(922, 231, 'Nick Carter', 0),
(923, 231, 'Ricky Martin', 0),
(924, 231, 'Zayn Malik', 0),
(925, 232, 'Dark', 0),
(926, 232, 'Stranger Things', 1),
(927, 232, 'The 100', 0),
(928, 232, 'Black Mirror', 0),
(929, 233, 'Piano', 0),
(930, 233, 'Violín', 0),
(931, 233, 'Saxofón', 1),
(932, 233, 'Guitarra', 0),
(933, 234, 'Mad Men', 0),
(934, 234, 'The West Wing', 0),
(935, 234, 'The Sopranos', 0),
(936, 234, 'Hill Street Blues', 1),
(937, 235, 'Hans Zimmer', 1),
(938, 235, 'John Williams', 0),
(939, 235, 'Danny Elfman', 0),
(940, 235, 'Alan Silvestri', 0),
(941, 236, 'Ben-Hur', 1),
(942, 236, 'Titanic', 0),
(943, 236, 'Lo que el viento se llevó', 0),
(944, 236, 'El Señor de los Anillos', 0),
(945, 237, 'La tumba de las luciérnagas', 0),
(946, 237, 'Mi vecino Totoro', 0),
(947, 237, 'El viaje de Chihiro', 1),
(948, 237, 'Ponyo', 0),
(949, 238, 'Anthony Hopkins', 1),
(950, 238, 'Jack Nicholson', 0),
(951, 238, 'Al Pacino', 0),
(952, 238, 'Gary Oldman', 0),
(953, 239, 'Lady Gaga', 1),
(954, 239, 'Adele', 0),
(955, 239, 'Madonna', 0),
(956, 239, 'Beyoncé', 0),
(957, 240, 'Gravity', 0),
(958, 240, 'Apolo 13', 1),
(959, 240, 'Interestelar', 0),
(960, 240, 'Armageddon', 0),
(1105, 268, 'Violín', 0),
(1106, 268, 'Trombón', 0),
(1107, 268, 'Piano', 1),
(1108, 268, 'Flauta', 0),
(1109, 269, 'Una escultura de otro', 0),
(1110, 269, 'Una copia de una obra', 0),
(1111, 269, 'Un cuadro grupal', 0),
(1112, 269, 'Una pintura de uno mismo', 1),
(1113, 270, 'Da Vinci', 0),
(1114, 270, 'Miguel Ángel', 1),
(1115, 270, 'Donatello', 0),
(1116, 270, 'Caravaggio', 0),
(1117, 271, 'Miguel Ángel', 1),
(1118, 271, 'Bernini', 0),
(1119, 271, 'Rodin', 0),
(1120, 271, 'Picasso', 0),
(1121, 272, 'Verde', 0),
(1122, 272, 'Amarillo', 0),
(1123, 272, 'Violeta', 1),
(1124, 272, 'Naranja', 0),
(1125, 273, 'Pintura', 0),
(1126, 273, 'Escultura', 0),
(1127, 273, 'Arquitectura', 0),
(1128, 273, 'Danza', 1),
(1129, 274, 'Teatro', 0),
(1130, 274, 'Música', 1),
(1131, 274, 'Pintura', 0),
(1132, 274, 'Dibujo', 0),
(1133, 275, 'Piano', 1),
(1134, 275, 'Acordeón', 0),
(1135, 275, 'Flauta', 0),
(1136, 275, 'Violín', 0),
(1137, 276, 'Pablo Picasso', 1),
(1138, 276, 'Van Gogh', 0),
(1139, 276, 'Rembrandt', 0),
(1140, 276, 'Goya', 0),
(1141, 277, 'Acuarela', 0),
(1142, 277, 'Grabado', 0),
(1143, 277, 'Cerámica', 1),
(1144, 277, 'Fotografía', 0),
(1145, 287, 'Américo Vespucio', 0),
(1146, 287, 'Cristóbal Colón', 1),
(1147, 287, 'Marco Polo', 0),
(1148, 287, 'Hernán Cortés', 0),
(1149, 288, 'Aztecas', 0),
(1150, 288, 'Olmecas', 0),
(1151, 288, 'Incas', 1),
(1152, 288, 'Mayas', 0),
(1153, 289, 'Oceanía', 0),
(1154, 289, 'Europa', 1),
(1155, 289, 'África', 0),
(1156, 289, 'Asia', 0),
(1157, 290, 'Simón Bolívar', 0),
(1158, 290, 'José de San Martín', 1),
(1159, 290, 'Pancho Villa', 0),
(1160, 290, 'Miguel Hidalgo', 0),
(1161, 291, 'Gran Muralla China', 0),
(1162, 291, 'Muro de Berlín', 1),
(1163, 291, 'Muro de Adriano', 0),
(1164, 291, 'Muro de los Lamentos', 0),
(1165, 292, 'Cartago', 0),
(1166, 292, 'Atenas', 0),
(1167, 292, 'Menfis', 1),
(1168, 292, 'Babilonia', 0),
(1169, 293, 'Guerra Civil Estadounidense', 1),
(1170, 293, 'Guerra Hispanoamericana', 0),
(1171, 293, 'Guerra de Corea', 0),
(1172, 293, 'Guerra de Vietnam', 0),
(1173, 294, 'Emperador francés', 1),
(1174, 294, 'Filósofo alemán', 0),
(1175, 294, 'Rey inglés', 0),
(1176, 294, 'Explorador español', 0),
(1177, 295, 'Japón', 0),
(1178, 295, 'India', 0),
(1179, 295, 'China', 1),
(1180, 295, 'Corea del Sur', 0),
(1181, 296, 'Egipcios', 0),
(1182, 296, 'Fenicios', 0),
(1183, 296, 'Sumerios', 1),
(1184, 296, 'Griegos', 0),
(1185, 297, 'Caída del Imperio Romano de Occidente', 1),
(1186, 297, 'Invención de la imprenta', 0),
(1187, 297, 'Descubrimiento de América', 0),
(1188, 297, 'Inicio del Renacimiento', 0),
(1189, 298, 'Catalina la Grande', 0),
(1190, 298, 'María Antonieta', 1),
(1191, 298, 'Juana de Arco', 0),
(1192, 298, 'Isabel I', 0),
(1193, 299, 'Alemania, Italia y Japón', 1),
(1194, 299, 'India, Egipto y España', 0),
(1195, 299, 'China, URSS y Canadá', 0),
(1196, 299, 'Francia, Reino Unido y EE. UU.', 0),
(1197, 300, 'Tratado de Ginebra', 0),
(1198, 300, 'Tratado de París', 0),
(1199, 300, 'Tratado de Utrecht', 0),
(1200, 300, 'Tratado de Versalles', 1),
(1201, 301, 'Nerón', 0),
(1202, 301, 'Augusto', 1),
(1203, 301, 'Tiberio', 0),
(1204, 301, 'Julio César', 0),
(1205, 302, 'Batalla de Lepanto', 0),
(1206, 302, 'Batalla de Hastings', 0),
(1207, 302, 'Batalla de Poitiers', 1),
(1208, 302, 'Batalla de Maratón', 0),
(1209, 303, 'Incas', 0),
(1210, 303, 'Toltecas', 0),
(1211, 303, 'Aztecas', 0),
(1212, 303, 'Mayas', 1),
(1213, 304, 'Fin de la Segunda Guerra Mundial', 0),
(1214, 304, 'Crisis económica mundial', 1),
(1215, 304, 'Inicio de la Guerra Fría', 0),
(1216, 304, 'Caída del Imperio Otomano', 0),
(1217, 305, 'España', 1),
(1218, 305, 'Italia', 0),
(1219, 305, 'Francia', 0),
(1220, 305, 'Alemania', 0),
(1221, 306, 'Revolución francesa', 0),
(1222, 306, 'Guerras napoleónicas', 0),
(1223, 306, 'Conflicto entre Inglaterra y Francia', 1),
(1224, 306, 'Guerra de Sucesión Española', 0),
(1225, 307, 'Impuestos', 0),
(1226, 307, 'Independencia', 0),
(1227, 307, 'Religión', 0),
(1228, 307, 'Esclavitud', 1),
(1229, 308, 'Dinastía Ming', 0),
(1230, 308, 'Dinastía Tang', 0),
(1231, 308, 'Dinastía Sui', 1),
(1232, 308, 'Dinastía Qing', 0),
(1233, 309, 'Guillermo el Conquistador', 0),
(1234, 309, 'Enrique VIII', 0),
(1235, 309, 'Juan Sin Tierra', 1),
(1236, 309, 'Ricardo Corazón de León', 0),
(1237, 1233, 'Justiniano I', 1),
(1238, 1233, 'Constantino', 0),
(1239, 1233, 'Teodosio', 0),
(1240, 1233, 'Nerón', 0),
(1241, 310, 'Gregorio VII', 0),
(1242, 310, 'Inocencio III', 0),
(1243, 310, 'Urbano II', 1),
(1244, 310, 'Bonifacio VIII', 0),
(1245, 312, 'Américo Vespucio', 0),
(1246, 312, 'Cristóbal Colón', 1),
(1247, 312, 'Marco Polo', 0),
(1248, 312, 'Hernán Cortés', 0),
(1249, 313, 'Aztecas', 0),
(1250, 313, 'Olmecas', 0),
(1251, 313, 'Incas', 1),
(1252, 313, 'Mayas', 0),
(1253, 314, 'Oceanía', 0),
(1254, 314, 'Europa', 1),
(1255, 314, 'África', 0),
(1256, 314, 'Asia', 0),
(1257, 315, 'Simón Bolívar', 0),
(1258, 315, 'José de San Martín', 1),
(1259, 315, 'Pancho Villa', 0),
(1260, 315, 'Miguel Hidalgo', 0),
(1261, 316, 'Gran Muralla China', 0),
(1262, 316, 'Muro de Berlín', 1),
(1263, 316, 'Muro de Adriano', 0),
(1264, 316, 'Muro de los Lamentos', 0),
(1265, 317, 'Cartago', 0),
(1266, 317, 'Atenas', 0),
(1267, 317, 'Menfis', 1),
(1268, 317, 'Babilonia', 0),
(1269, 318, 'Guerra Civil Estadounidense', 1),
(1270, 318, 'Guerra Hispanoamericana', 0),
(1271, 318, 'Guerra de Corea', 0),
(1272, 318, 'Guerra de Vietnam', 0),
(1273, 319, 'Emperador francés', 1),
(1274, 319, 'Filósofo alemán', 0),
(1275, 319, 'Rey inglés', 0),
(1276, 319, 'Explorador español', 0),
(1277, 320, 'Japón', 0),
(1278, 320, 'India', 0),
(1279, 320, 'China', 1),
(1280, 320, 'Corea del Sur', 0),
(1281, 321, 'Egipcios', 0),
(1282, 321, 'Fenicios', 0),
(1283, 321, 'Sumerios', 1),
(1284, 321, 'Griegos', 0),
(1285, 322, 'Caída del Imperio Romano de Occidente', 1),
(1286, 322, 'Invención de la imprenta', 0),
(1287, 322, 'Descubrimiento de América', 0),
(1288, 322, 'Inicio del Renacimiento', 0),
(1289, 323, 'Catalina la Grande', 0),
(1290, 323, 'María Antonieta', 1),
(1291, 323, 'Juana de Arco', 0),
(1292, 323, 'Isabel I', 0),
(1293, 324, 'Alemania, Italia y Japón', 1),
(1294, 324, 'India, Egipto y España', 0),
(1295, 324, 'China, URSS y Canadá', 0),
(1296, 324, 'Francia, Reino Unido y EE. UU.', 0),
(1297, 325, 'Tratado de Ginebra', 0),
(1298, 325, 'Tratado de París', 0),
(1299, 325, 'Tratado de Utrecht', 0),
(1300, 325, 'Tratado de Versalles', 1),
(1301, 326, 'Nerón', 0),
(1302, 326, 'Augusto', 1),
(1303, 326, 'Tiberio', 0),
(1304, 326, 'Julio César', 0),
(1305, 327, 'Batalla de Lepanto', 0),
(1306, 327, 'Batalla de Hastings', 0),
(1307, 327, 'Batalla de Poitiers', 1),
(1308, 327, 'Batalla de Maratón', 0),
(1309, 328, 'Incas', 0),
(1310, 328, 'Toltecas', 0),
(1311, 328, 'Aztecas', 0),
(1312, 328, 'Mayas', 1),
(1313, 329, 'Fin de la Segunda Guerra Mundial', 0),
(1314, 329, 'Crisis económica mundial', 1),
(1315, 329, 'Inicio de la Guerra Fría', 0),
(1316, 329, 'Caída del Imperio Otomano', 0),
(1317, 330, 'España', 1),
(1318, 330, 'Italia', 0),
(1319, 330, 'Francia', 0),
(1320, 330, 'Alemania', 0),
(1321, 331, 'Revolución francesa', 0),
(1322, 331, 'Guerras napoleónicas', 0),
(1323, 331, 'Conflicto entre Inglaterra y Francia', 1),
(1324, 331, 'Guerra de Sucesión Española', 0),
(1325, 332, 'Impuestos', 0),
(1326, 332, 'Independencia', 0),
(1327, 332, 'Religión', 0),
(1328, 332, 'Esclavitud', 1),
(1329, 333, 'Dinastía Ming', 0),
(1330, 333, 'Dinastía Tang', 0),
(1331, 333, 'Dinastía Sui', 1),
(1332, 333, 'Dinastía Qing', 0),
(1333, 334, 'Guillermo el Conquistador', 0),
(1334, 334, 'Enrique VIII', 0),
(1335, 334, 'Juan Sin Tierra', 1),
(1336, 334, 'Ricardo Corazón de León', 0),
(1337, 335, 'Justiniano I', 1),
(1338, 335, 'Constantino', 0),
(1339, 335, 'Teodosio', 0),
(1340, 335, 'Nerón', 0),
(1341, 336, 'Gregorio VII', 0),
(1342, 336, 'Inocencio III', 0),
(1343, 336, 'Urbano II', 1),
(1344, 336, 'Bonifacio VIII', 0),
(1345, 337, 'Tratado de Tordesillas', 1),
(1346, 337, 'Tratado de Utrecht', 0),
(1347, 337, 'Tratado de Versalles', 0),
(1348, 337, 'Tratado de París', 0),
(1349, 338, 'Aníbal', 1),
(1350, 338, 'Escipión', 0),
(1351, 338, 'César', 0),
(1352, 338, 'Alejandro Magno', 0),
(1353, 339, 'Khrushchev', 1),
(1354, 339, 'Lenin', 0),
(1355, 339, 'Brezhnev', 0),
(1356, 339, 'Gorbachov', 0),
(1357, 340, 'Mayas', 0),
(1358, 340, 'Toltecas', 0),
(1359, 340, 'Lencas', 1),
(1360, 340, 'Zapotecas', 0),
(1361, 341, 'Una conferencia para reorganizar Europa después de Napoleón', 1),
(1362, 341, 'Inicio de la Revolución Industrial', 0),
(1363, 341, 'Tratado de Paz entre Francia y Alemania', 0),
(1364, 341, 'Fundación de la Unión Europea', 0),
(1365, 342, 'Vincent van Gogh', 1),
(1366, 342, 'Pablo Picasso', 0),
(1367, 342, 'Salvador Dalí', 0),
(1368, 342, 'Claude Monet', 0),
(1369, 343, 'Violín', 0),
(1370, 343, 'Piano', 1),
(1371, 343, 'Guitarra', 0),
(1372, 343, 'Batería', 0),
(1373, 344, 'Rafael', 0),
(1374, 344, 'Leonardo da Vinci', 1),
(1375, 344, 'Miguel Ángel', 0),
(1376, 344, 'Caravaggio', 0),
(1377, 345, 'Trompeta', 0),
(1378, 345, 'Violín', 1),
(1379, 345, 'Flauta', 0),
(1380, 345, 'Tambor', 0),
(1381, 346, 'Madrid', 0),
(1382, 346, 'París', 1),
(1383, 346, 'Londres', 0),
(1384, 346, 'Roma', 0),
(1385, 347, 'Verde', 1),
(1386, 347, 'Marrón', 0),
(1387, 347, 'Naranja', 0),
(1388, 347, 'Morado', 0),
(1389, 348, 'Bella', 0),
(1390, 348, 'Moana', 0),
(1391, 348, 'Ariel', 1),
(1392, 348, 'Elsa', 0),
(1393, 349, 'Oscar Wilde', 0),
(1394, 349, 'Jane Austen', 0),
(1395, 349, 'Charles Dickens', 0),
(1396, 349, 'William Shakespeare', 1),
(1397, 350, 'Shrek', 0),
(1398, 350, 'Toy Story', 1),
(1399, 350, 'Cars', 0),
(1400, 350, 'Ratatouille', 0),
(1401, 351, 'Pluto', 0),
(1402, 351, 'Goofy', 0),
(1403, 351, 'Donald Duck', 0),
(1404, 351, 'Mickey Mouse', 1),
(1405, 352, 'Wes Anderson', 1),
(1406, 352, 'Quentin Tarantino', 0),
(1407, 352, 'Martin Scorsese', 0),
(1408, 352, 'Christopher Nolan', 0),
(1409, 353, 'The Beatles', 0),
(1410, 353, 'Pink Floyd', 1),
(1411, 353, 'Led Zeppelin', 0),
(1412, 353, 'Queen', 0),
(1413, 354, 'Steven Spielberg', 0),
(1414, 354, 'Peter Jackson', 1),
(1415, 354, 'James Cameron', 0),
(1416, 354, 'George Lucas', 0),
(1417, 355, 'Tom Hanks', 1),
(1418, 355, 'Brad Pitt', 0),
(1419, 355, 'Matt Damon', 0),
(1420, 355, 'Leonardo DiCaprio', 0),
(1421, 356, 'Michael Jackson', 1),
(1422, 356, 'Elvis Presley', 0),
(1423, 356, 'Prince', 0),
(1424, 356, 'Freddie Mercury', 0),
(1425, 357, 'Stranger Things', 1),
(1426, 357, 'Breaking Bad', 0),
(1427, 357, 'The Walking Dead', 0),
(1428, 357, 'The Witcher', 0),
(1429, 358, 'Chris Hemsworth', 0),
(1430, 358, 'Robert Downey Jr.', 1),
(1431, 358, 'Chris Evans', 0),
(1432, 358, 'Mark Ruffalo', 0),
(1433, 359, 'Ryan Gosling', 1),
(1434, 359, 'Bradley Cooper', 0),
(1435, 359, 'Tom Hardy', 0),
(1436, 359, 'Jake Gyllenhaal', 0),
(1437, 360, 'El Hobbit', 0),
(1438, 360, 'Harry Potter', 1),
(1439, 360, 'Crónicas de Narnia', 0),
(1440, 360, 'Percy Jackson', 0),
(1441, 361, 'Origen', 1),
(1442, 361, 'Avatar', 0),
(1443, 361, 'Matrix', 0),
(1444, 361, 'Interstellar', 0),
(1445, 362, 'Mulholland Drive', 1),
(1446, 362, 'Eraserhead', 0),
(1447, 362, 'Blue Velvet', 0),
(1448, 362, 'Lost Highway', 0),
(1449, 363, 'Alejandro G. Iñárritu', 0),
(1450, 363, 'Alfonso Cuarón', 0),
(1451, 363, 'Guillermo del Toro', 1),
(1452, 363, 'Pedro Almodóvar', 0),
(1453, 364, 'Fantasía', 0),
(1454, 364, 'Blancanieves y los siete enanitos', 1),
(1455, 364, 'Pinocho', 0),
(1456, 364, 'Bambi', 0),
(1457, 365, 'Sean Penn', 0),
(1458, 365, 'Joaquin Phoenix', 0),
(1459, 365, 'Daniel Day-Lewis', 0),
(1460, 365, 'Philip Seymour Hoffman', 1),
(1461, 366, 'Blade Runner', 0),
(1462, 366, 'La misión', 0),
(1463, 366, 'Carros de fuego', 1),
(1464, 366, '1984', 0),
(1465, 367, 'Joker', 1),
(1466, 367, 'Parásito', 0),
(1467, 367, '1917', 0),
(1468, 367, 'Once Upon a Time in Hollywood', 0),
(1469, 368, 'The Cosby Show', 0),
(1470, 368, 'Empire', 0),
(1471, 368, 'Insecure', 0),
(1472, 368, 'The Jeffersons', 1),
(1473, 369, 'Hans Zimmer', 0),
(1474, 369, 'Wendy Carlos', 1),
(1475, 369, 'John Williams', 0),
(1476, 369, 'Ennio Morricone', 0),
(1477, 370, '1962', 0),
(1478, 370, '1955', 0),
(1479, 370, '1959', 1),
(1480, 370, '1960', 0),
(1481, 371, 'Beatrix Kiddo', 1),
(1482, 371, 'Elle Driver', 0),
(1483, 371, 'O-Ren Ishii', 0),
(1484, 371, 'Sofie Fatale', 0);

-- --------------------------------------------------------

--
-- Estructura de tabla para la tabla `sexo`
--

CREATE TABLE `sexo` (
  `id_sexo` int(11) NOT NULL,
  `descripcion` varchar(20) NOT NULL
) ENGINE=InnoDB DEFAULT CHARSET=utf8 COLLATE=utf8_general_ci;

-- --------------------------------------------------------

--
-- Estructura de tabla para la tabla `usuario`
--

CREATE TABLE `usuario` (
  `id_usuario` int(11) NOT NULL,
  `nombre` varchar(100) NOT NULL,
  `apellido` varchar(100) NOT NULL,
  `anio_nacimiento` year(4) NOT NULL,
  `id_sexo` int(11) DEFAULT NULL,
  `email` varchar(150) NOT NULL,
  `password` varchar(255) NOT NULL,
  `id_pais` int(11) DEFAULT NULL,
  `id_ciudad` int(11) DEFAULT NULL,
  `nombre_usuario` varchar(50) NOT NULL,
  `foto_perfil` varchar(255) DEFAULT NULL,
  `preguntas_recibidas` int(11) DEFAULT 0,
  `preguntas_acertadas` int(11) DEFAULT 0
) ENGINE=InnoDB DEFAULT CHARSET=utf8 COLLATE=utf8_general_ci;

--
-- Volcado de datos para la tabla `usuario`
--

INSERT INTO `usuario` (`id_usuario`, `nombre`, `apellido`, `anio_nacimiento`, `id_sexo`, `email`, `password`, `id_pais`, `id_ciudad`, `nombre_usuario`, `foto_perfil`, `preguntas_recibidas`, `preguntas_acertadas`) VALUES
(1, 'Usuario', 'Usuario', '2000', NULL, 'usuario@gmail.com', '$2y$10$kV4qh27UFOLq1bO0MrUJm.T54ENvsWU6.lwG2vZyOZ.siWyHCKoh6', NULL, NULL, 'usuario1', 'usuario1_1748618131.png', 89, 81),
(7, 'Lucía', 'Martínez', '1998', NULL, 'lucia.martinez@example.com', '$2b$12$Gsurp6ym/.N3LvZ2/GNHLe3fdN2OsX7WZ.rBRB0RJ3Q4ZtzBtfdp6', NULL, NULL, 'lucia98', NULL, 8, 4),
(8, 'Tomás', 'Gómez', '2001', NULL, 'tomas.gomez@example.com', '$2b$12$q62pq.RF3NRVMWO/4/WvOugp6enr89thrAd.Od2ZieYAOOJvJG.n.', NULL, NULL, 'tomi2001', NULL, 10, 6),
(9, 'Julieta', 'Rodríguez', '1995', NULL, 'julieta.rod@example.com', '$2b$12$rOcX/YSw1vJ4Yw.kW4Nq8Ool.5WazBchu3LpijnQD4.rzqcu2xrNO', NULL, NULL, 'julirod', NULL, 35, 14),
(10, 'Mariano', 'Fernández', '1999', NULL, 'mariano.fer@example.com', '$2b$12$vOX9/4bSg9MjbJKjwT/2KeBu5xz625bC.meysTeQs7QXNeBmV61QW', NULL, NULL, 'marifer99', NULL, 15, 9),
(11, 'Carla', 'Pérez', '2002', NULL, 'carla.perez@example.com', '$2b$12$HYi2IP.FFTSkkWS.wRAitOOm4guMbcL1G.wmZbf4RhqZaDtEoIw4m', NULL, NULL, 'carli02', NULL, 25, 12),
(12, 'Nicolás', 'Suárez', '1997', NULL, 'nicolas.suarez@example.com', '$2b$12$WmaYySG9a3OAxbW2cqKcRe6dlus8M3MpoVxRQ4KIzE46ne1xUDxMq', NULL, NULL, 'nicos', NULL, 3, 1),
(13, 'Agustina', 'López', '2000', NULL, 'agustina.lopez@example.com', '$2b$12$36U7oxtAUoKPWiAFPeXbvu/x7wnMDm4.ElLT0497PNsBt0FyVdqQm', NULL, NULL, 'agus00', NULL, 0, 0),
(14, 'Sofía', 'Ruiz', '1996', NULL, 'sofia.ruiz@example.com', '$2b$12$Vjlf8TLic5UUov1aICkyw.lgxDiC5pNdMv779Fyx7va47Q1pEMe.2', NULL, NULL, 'sofiruiz', NULL, 0, 0),
(15, 'Federico', 'Cabrera', '1994', NULL, 'fede.cabrera@example.com', '$2b$12$ks.eaIhZmZXX5Duvy.NLPeMTEztVC49Hx4/h4lrQNCdsxZOPt3NTq', NULL, NULL, 'fede94', NULL, 0, 0),
(16, 'Matías', 'Fernández', '1993', NULL, 'matias.fernandez@example.com', '$2b$12$vqzBDPgL6IPvyLlZQEPjL.K7vQDscnvKBZLleDz7jojJa5Mi37fSC', NULL, NULL, 'matefan', NULL, 0, 0);

--
-- Índices para tablas volcadas
--

--
-- Indices de la tabla `categoria`
--
ALTER TABLE `categoria`
  ADD PRIMARY KEY (`id`);

--
-- Indices de la tabla `ciudad`
--
ALTER TABLE `ciudad`
  ADD PRIMARY KEY (`id_ciudad`),
  ADD KEY `id_pais` (`id_pais`);

--
-- Indices de la tabla `dificultad`
--
ALTER TABLE `dificultad`
  ADD PRIMARY KEY (`id`);

--
-- Indices de la tabla `pais`
--
ALTER TABLE `pais`
  ADD PRIMARY KEY (`id_pais`);

--
-- Indices de la tabla `partida`
--
ALTER TABLE `partida`
  ADD PRIMARY KEY (`id`),
  ADD KEY `id_jugador` (`id_jugador`);

--
-- Indices de la tabla `partida_pregunta`
--
ALTER TABLE `partida_pregunta`
  ADD PRIMARY KEY (`id`),
  ADD KEY `id_partida` (`id_partida`),
  ADD KEY `id_pregunta` (`id_pregunta`);

--
-- Indices de la tabla `pregunta`
--
ALTER TABLE `pregunta`
  ADD PRIMARY KEY (`id`),
  ADD KEY `fk_pregunta_dificultad` (`id_dificultad`);

--
-- Indices de la tabla `pregunta_usuario`
--
ALTER TABLE `pregunta_usuario`
  ADD PRIMARY KEY (`id`),
  ADD KEY `idusuario` (`idusuario`),
  ADD KEY `idpregunta` (`idpregunta`),
  ADD KEY `id_respuesta_elegida` (`id_respuesta_elegida`);

--
-- Indices de la tabla `respuesta`
--
ALTER TABLE `respuesta`
  ADD PRIMARY KEY (`id`);

--
-- Indices de la tabla `sexo`
--
ALTER TABLE `sexo`
  ADD PRIMARY KEY (`id_sexo`);

--
-- Indices de la tabla `usuario`
--
ALTER TABLE `usuario`
  ADD PRIMARY KEY (`id_usuario`),
  ADD UNIQUE KEY `email` (`email`),
  ADD UNIQUE KEY `nombre_usuario` (`nombre_usuario`),
  ADD KEY `id_sexo` (`id_sexo`),
  ADD KEY `id_pais` (`id_pais`),
  ADD KEY `id_ciudad` (`id_ciudad`);

--
-- AUTO_INCREMENT de las tablas volcadas
--

--
-- AUTO_INCREMENT de la tabla `categoria`
--
ALTER TABLE `categoria`
  MODIFY `id` int(10) NOT NULL AUTO_INCREMENT, AUTO_INCREMENT=7;

--
-- AUTO_INCREMENT de la tabla `ciudad`
--
ALTER TABLE `ciudad`
  MODIFY `id_ciudad` int(11) NOT NULL AUTO_INCREMENT;

--
-- AUTO_INCREMENT de la tabla `dificultad`
--
ALTER TABLE `dificultad`
  MODIFY `id` int(11) NOT NULL AUTO_INCREMENT, AUTO_INCREMENT=4;

--
-- AUTO_INCREMENT de la tabla `pais`
--
ALTER TABLE `pais`
  MODIFY `id_pais` int(11) NOT NULL AUTO_INCREMENT;

--
-- AUTO_INCREMENT de la tabla `partida`
--
ALTER TABLE `partida`
  MODIFY `id` int(11) NOT NULL AUTO_INCREMENT, AUTO_INCREMENT=166;

--
-- AUTO_INCREMENT de la tabla `partida_pregunta`
--
ALTER TABLE `partida_pregunta`
  MODIFY `id` int(11) NOT NULL AUTO_INCREMENT, AUTO_INCREMENT=391;

--
-- AUTO_INCREMENT de la tabla `pregunta`
--
ALTER TABLE `pregunta`
  MODIFY `id` bigint(20) UNSIGNED NOT NULL AUTO_INCREMENT, AUTO_INCREMENT=372;

--
-- AUTO_INCREMENT de la tabla `pregunta_usuario`
--
ALTER TABLE `pregunta_usuario`
  MODIFY `id` int(11) NOT NULL AUTO_INCREMENT, AUTO_INCREMENT=209;

--
-- AUTO_INCREMENT de la tabla `respuesta`
--
ALTER TABLE `respuesta`
  MODIFY `id` bigint(20) UNSIGNED NOT NULL AUTO_INCREMENT, AUTO_INCREMENT=1485;

--
-- AUTO_INCREMENT de la tabla `sexo`
--
ALTER TABLE `sexo`
  MODIFY `id_sexo` int(11) NOT NULL AUTO_INCREMENT;

--
-- AUTO_INCREMENT de la tabla `usuario`
--
ALTER TABLE `usuario`
  MODIFY `id_usuario` int(11) NOT NULL AUTO_INCREMENT, AUTO_INCREMENT=17;

--
-- Restricciones para tablas volcadas
--

--
-- Filtros para la tabla `ciudad`
--
ALTER TABLE `ciudad`
  ADD CONSTRAINT `ciudad_ibfk_1` FOREIGN KEY (`id_pais`) REFERENCES `pais` (`id_pais`);

--
-- Filtros para la tabla `partida`
--
ALTER TABLE `partida`
  ADD CONSTRAINT `partida_ibfk_1` FOREIGN KEY (`id_jugador`) REFERENCES `usuario` (`id_usuario`);

--
-- Filtros para la tabla `partida_pregunta`
--
ALTER TABLE `partida_pregunta`
  ADD CONSTRAINT `partida_pregunta_ibfk_1` FOREIGN KEY (`id_partida`) REFERENCES `partida` (`id`),
  ADD CONSTRAINT `partida_pregunta_ibfk_2` FOREIGN KEY (`id_pregunta`) REFERENCES `pregunta` (`id`);

--
-- Filtros para la tabla `pregunta`
--
ALTER TABLE `pregunta`
  ADD CONSTRAINT `fk_pregunta_dificultad` FOREIGN KEY (`id_dificultad`) REFERENCES `dificultad` (`id`);

--
-- Filtros para la tabla `pregunta_usuario`
--
ALTER TABLE `pregunta_usuario`
  ADD CONSTRAINT `pregunta_usuario_ibfk_1` FOREIGN KEY (`idusuario`) REFERENCES `usuario` (`id_usuario`),
  ADD CONSTRAINT `pregunta_usuario_ibfk_2` FOREIGN KEY (`idpregunta`) REFERENCES `pregunta` (`id`),
  ADD CONSTRAINT `pregunta_usuario_ibfk_3` FOREIGN KEY (`id_respuesta_elegida`) REFERENCES `respuesta` (`id`);

--
-- Filtros para la tabla `usuario`
--
ALTER TABLE `usuario`
  ADD CONSTRAINT `usuario_ibfk_1` FOREIGN KEY (`id_sexo`) REFERENCES `sexo` (`id_sexo`),
  ADD CONSTRAINT `usuario_ibfk_2` FOREIGN KEY (`id_pais`) REFERENCES `pais` (`id_pais`),
  ADD CONSTRAINT `usuario_ibfk_3` FOREIGN KEY (`id_ciudad`) REFERENCES `ciudad` (`id_ciudad`);
COMMIT;

/*!40101 SET CHARACTER_SET_CLIENT=@OLD_CHARACTER_SET_CLIENT */;
/*!40101 SET CHARACTER_SET_RESULTS=@OLD_CHARACTER_SET_RESULTS */;
/*!40101 SET COLLATION_CONNECTION=@OLD_COLLATION_CONNECTION */;
